{
    "metrics": {
        "data_sent": {
            "count": 17591923,
            "rate": 219825.93987934163
        },
        "http_req_failed{scenario:mixed-order-and-menu-reads}": {
            "passes": 0,
            "fails": 25242,
            "thresholds": {
                "rate<0.001": false
            },
            "value": 0
        },
        "http_reqs{scenario:peak-order-lifecycle-mutations}": {
            "count": 25200,
            "rate": 314.8952894438777,
            "thresholds": {
                "rate>140": false
            }
        },
        "vus_max": {
            "value": 560,
            "min": 560,
            "max": 560
        },
        "vus": {
            "value": 10,
            "min": 3,
            "max": 34
        },
        "http_req_failed{scenario:peak-order-placement}": {
            "fails": 14698,
            "passes": 0,
            "thresholds": {
                "rate<0.002": false
            },
            "value": 0
        },
        "http_reqs{scenario:mixed-order-and-menu-reads}": {
            "rate": 315.42011492628416,
            "count": 25242,
            "thresholds": {
                "rate>180": false
            }
        },
        "http_req_receiving": {
            "p(90)": 0.014,
            "p(95)": 0.017,
            "p(99)": 0.038,
            "avg": 0.010317351500953212,
            "min": 0.003,
            "med": 0.008,
            "max": 6.238
        },
        "iteration_duration": {
            "avg": 40.968869258838126,
            "min": 31.020875,
            "med": 31.9386665,
            "max": 169.378,
            "p(90)": 81.66721220000001,
            "p(95)": 82.18383545,
            "p(99)": 82.94766133
        },
        "http_req_failed{scenario:peak-order-and-pickup-verification}": {
            "passes": 0,
            "fails": 28800,
            "thresholds": {
                "rate<0.002": false
            },
            "value": 0
        },
        "http_req_sending": {
            "p(99)": 0.019,
            "avg": 0.005387736853309323,
            "min": 0.001,
            "med": 0.003,
            "max": 77.416,
            "p(90)": 0.007,
            "p(95)": 0.009
        },
        "http_reqs": {
            "count": 93940,
            "rate": 1173.8596623157885
        },
        "checks": {
            "passes": 93940,
            "fails": 0,
            "value": 1
        },
        "http_req_connecting": {
            "p(90)": 0,
            "p(95)": 0,
            "p(99)": 0,
            "avg": 0.0013448797104534814,
            "min": 0,
            "med": 0,
            "max": 1.973
        },
        "http_req_waiting": {
            "avg": 0.5961881520119254,
            "min": 0.229,
            "med": 0.509,
            "max": 32.155,
            "p(90)": 0.887,
            "p(95)": 1.076,
            "p(99)": 2.191
        },
        "data_received": {
            "count": 75967876,
            "rate": 949282.7897403416
        },
        "iterations": {
            "count": 36150,
            "rate": 451.7247902141341
        },
        "http_req_duration{scenario:mixed-order-and-menu-reads}": {
            "med": 0.69,
            "max": 12.063,
            "p(90)": 1.0789000000000006,
            "p(95)": 1.242,
            "p(99)": 1.709,
            "avg": 0.6974509547579437,
            "min": 0.241,
            "thresholds": {
                "p(95)<250": false,
                "p(99)<400": false
            }
        },
        "checks{check_type:readiness}": {
            "passes": 36150,
            "fails": 0,
            "thresholds": {
                "rate>0.999": false
            },
            "value": 1
        },
        "http_req_failed": {
            "passes": 0,
            "fails": 93940,
            "value": 0
        },
        "http_req_duration": {
            "med": 0.523,
            "max": 81.877,
            "p(90)": 0.904,
            "p(95)": 1.096,
            "p(99)": 2.275609999999999,
            "avg": 0.6118932403661883,
            "min": 0.24
        },
        "http_req_blocked": {
            "p(95)": 0.002,
            "p(99)": 0.009609999999999166,
            "avg": 0.002399063231853029,
            "min": 0,
            "med": 0.001,
            "max": 2.818,
            "p(90)": 0.001
        },
        "http_req_duration{scenario:peak-order-and-pickup-verification}": {
            "max": 14.559,
            "p(90)": 0.758,
            "p(95)": 0.853,
            "p(99)": 1.2580099999999999,
            "avg": 0.5219285416666661,
            "min": 0.24,
            "med": 0.459,
            "thresholds": {
                "p(95)<300": false,
                "p(99)<450": false
            }
        },
        "http_req_failed{scenario:peak-order-lifecycle-mutations}": {
            "fails": 25200,
            "passes": 0,
            "thresholds": {
                "rate<0.002": false
            },
            "value": 0
        },
        "http_req_tls_handshaking": {
            "avg": 0,
            "min": 0,
            "med": 0,
            "max": 0,
            "p(90)": 0,
            "p(95)": 0,
            "p(99)": 0
        },
        "http_reqs{scenario:peak-order-placement}": {
            "count": 14698,
            "rate": 183.6639271526236,
            "thresholds": {
                "rate>120": false
            }
        },
        "http_req_duration{expected_response:true}": {
            "min": 0.24,
            "med": 0.523,
            "max": 81.877,
            "p(90)": 0.904,
            "p(95)": 1.096,
            "p(99)": 2.275609999999999,
            "avg": 0.6118932403661883
        },
        "http_reqs{scenario:peak-order-and-pickup-verification}": {
            "count": 28800,
            "rate": 359.88033079300305,
            "thresholds": {
                "rate>160": false
            }
        },
        "http_req_duration{scenario:peak-order-lifecycle-mutations}": {
            "p(90)": 0.835,
            "p(95)": 0.967,
            "p(99)": 1.331,
            "avg": 0.5854384920634974,
            "min": 0.267,
            "med": 0.529,
            "max": 14.366,
            "thresholds": {
                "p(95)<320": false,
                "p(99)<480": false
            }
        },
        "http_req_duration{scenario:peak-order-placement}": {
            "p(95)": 1.6208999999999962,
            "p(99)": 3.28306,
            "avg": 0.6865969519662481,
            "min": 0.255,
            "med": 0.528,
            "max": 81.877,
            "p(90)": 0.9843000000000003,
            "thresholds": {
                "p(95)<350": false,
                "p(99)<500": false
            }
        }
    },
    "root_group": {
        "name": "",
        "path": "",
        "id": "d41d8cd98f00b204e9800998ecf8427e",
        "groups": {},
        "checks": {
                "create order endpoint accepted request": {
                    "name": "create order endpoint accepted request",
                    "path": "::create order endpoint accepted request",
                    "id": "cafa65f8e79e4dbd0e45ed02b1de2ab4",
                    "passes": 10989,
                    "fails": 0
                },
                "readiness endpoint healthy": {
                    "fails": 0,
                    "name": "readiness endpoint healthy",
                    "path": "::readiness endpoint healthy",
                    "id": "3319a48c92130eb61a5956e7b48e893c",
                    "passes": 36150
                },
                "menu endpoint healthy": {
                    "name": "menu endpoint healthy",
                    "path": "::menu endpoint healthy",
                    "id": "7059f981bee1e40f8d133ab3d3e2117b",
                    "passes": 10801,
                    "fails": 0
                },